word,isCorrect,definition
กระเพาะ,true,"(๑) น. อวัยวะภายในของคนและสัตว์ ลักษณะคล้ายถุง ได้แก่ กระเพาะอาหารและกระเพาะปัสสาวะ. (เทียบ ข. กฺรพะ) (๒) น. ภาชนะสานสำหรับตวงข้าว มีอัตราจุ ๔ กระผีก."
กะเพาะ,false,
กะทัดรัด,true,"ว. สมทรง, สมส่วน, เหมาะเจาะ."
กระทัดรัด,false,
กะเพรา,true,"[-เพฺรา] น. ชื่อไม้ล้มลุกชนิด Ocimum tenuiflorum L. ในวงศ์ Labiatae กลิ่นฉุน ใช้ปรุงอาหาร พันธุ์ที่กิ่งและก้านใบสีเขียวอมแดงเรียก กะเพราแดง ใช้ทำยาได้."
กระเพรา,false,
เกล็ดปลา,true,
เกร็ดปลา,false,
ไข่มุก,true,"น. วัตถุมีค่า มักมีลักษณะกลม ๆ เกิดจากหอยบางชนิด ที่รู้จักกันทั่วไปมีสีขาว ที่เป็นสีขาวอมชมพูหรือสีดำก็มี ใช้ทำเป็นเครื่องประดับ."
ไข่มุข,false,
ไข่มุกข์,false,
ครุฑ,true,"[คฺรุด] น. พญานกในเทพนิยาย เป็นพาหนะของพระนารายณ์, ใช้เป็นตราแผ่นดินและเครื่องหมายทางราชการ. (ส.; ป. ครุฬ). ลูกคำของ """"ครุฑ"""" คือ ครุฑพาห ครุฑพ่าห์ ๑ ครุฑพ่าห์ ๒"
ครุธ,false,
ครุท,false,
คะนอง,true,"(๑) ก. แสดงอาการร่าเริง, คึก, ลำพอง (๒) ก. พูดหรือทำเกินขอบเขต เช่น คะนองปาก คะนองมือ (๓) ก. เรียกอาการของฟ้าที่มีเสียงลั่นเปรี้ยง ๆ ว่า ฟ้าคะนอง."
คนอง,false,
คะนึง,true,"ก. คิดทบทวน, นึกตรอง, คำนึง ก็ว่า."
คนึง,false,
เค้ก,true,"น. ขนมฝรั่งชนิดหนึ่ง ทำด้วยแป้งสาลีผสมไข่ เนย นํ้าตาล เป็นต้น แล้วผิงหรืออบให้สุก. (อ. cake)."
เค๊ก,false,
จาระไน,true,"ก. พูดชี้แจงอย่างละเอียดลออหรือถี่ถ้วน."
จารไน,false,
ศึกษานิเทศก์,true,"น. ผู้ชี้แจงแนะนำทางการศึกษาแก่ครูอาจารย์ในโรงเรียนหรือวิทยาลัย. แม่คำของ """"ศึกษานิเทศก์"""" คือ ศึกษา"
ศึกษานิเทศ,false,
โน้ต,true,"น. เครื่องหมายกำหนดเสียงดนตรี. (อ. note)."
โน๊ต,false,
ปล้นสะดม,true,"(โบ) ก. ปล้นโดยใช้วิธีรมยาให้เจ้าของทรัพย์หลับสนิทไม่รู้สึกตัว. แม่คำของ """"ปล้นสะดม"""" คือ ปล้น"
ปล้นสดมภ์,false,
ปิกนิก,true,"น. การพากันไปเที่ยวชั่วระยะเวลาสั้น ๆ และมีของกินไปเลี้ยงกันด้วย. (อ. picnic)."
ปิคนิค,false,
ผลัดเปลี่ยน,true,"ก. ผลัดกันประจำหน้าที่ เช่น ผลัดเปลี่ยนเวรยาม. แม่คำของ """"ผลัดเปลี่ยน"""" คือ ผลัด"
ผัดเปลี่ยน,false,
ผลัดเวร,true,
ผัดเวร,false,
ผัดไทย,true,"น. อาหารคาวอย่างหนึ่ง ใช้ก๋วยเตี๋ยวเส้นเล็กผัดกับเครื่องปรุงมีน้ำมะขามเปียก เต้าหู้เหลือง หัวไช้โป๊ กุ้งแห้งหรือกุ้งสด ใบกุยช่าย ถั่วงอก เป็นต้น. แม่คำของ """"ผัดไทย"""" คือ ผัด"
ผัดไท,false,
ผลัดวันประกันพรุ่ง,true,
ผัดวันประกันพรุ่ง,false,
ผัดเวลา,true,
ผลัดเวลา,false,
ฝีดาษ,true,"น. ชื่อโรคระบาดชนิดหนึ่ง เกิดจากเชื้อไวรัส มีอาการไข้สูงแล้วมีผื่นขึ้นดาษตามใบหน้าและลำตัว ต่อมาผื่นจะกลายเป็นตุ่ม ตุ่มใส ตุ่มหนอง และตกสะเก็ด ตามลำดับ เมื่อหายแล้วมีแผลเป็นเป็นรอยบุ๋ม, ไข้ทรพิษ ก็เรียก, โบราณเรียก ไข้หัว. (อ. smallpox, variola). แม่คำของ """"ฝีดาษ"""" คือ ฝี ๑"
ฝีดาต,false,
ฝีดาด,false,
พิศมัย,false,
พิสมัย,true,"(๑) [พิดสะไหฺม] น. ความรัก, ความปลื้มใจ, ความชื่นชม. (ส. วิสฺมย; ป. วิมฺหย ว่า ความแปลกใจ). (๒) [พิดสะไหฺม] ก. รักใคร่หลงใหล เช่น ฉันไม่เห็นจะพิสมัยเธอเลย. (ส. วิสฺมย; ป. วิมฺหย ว่า ความแปลกใจ). (๓) [พิดสะไหฺม] ว. ควรชม. (ส. วิสฺมย; ป. วิมฺหย ว่า ความแปลกใจ)."
พุทธชาด,true,"[พุดทะ-] น. ชื่อไม้เถาชนิด Jasminum auriculatum Vahl ในวงศ์ Oleaceae ดอกสีขาวกลิ่นหอม, บุหงาประหงัน ก็เรียก."
พุทธชาต,false,
พุทธชาติ,false,
พู่กัน,true,"น. เครื่องเขียนหนังสือหรือระบายสี ตอนปลายเป็นพู่ทำด้วยขนสัตว์. แม่คำของ """"พู่กัน"""" คือ พู่"
ภู่กัน,false,
เภทภัย,true,"[เพดไพ] น. ภัยต่าง ๆ. แม่คำของ """"เภทภัย"""" คือ เภท"
เพทภัย,false,
มงกุฎ,true,"(๑) น. เครื่องสวมพระเศียรพระมหากษัตริย์ เศียรพระพุทธรูปทรงเครื่องหรือเทวรูปเป็นต้น มีลักษณะต่าง ๆ กัน โดยปริยายใช้เรียกเครื่องประดับศีรษะที่มีลักษณะเช่นนั้น เช่น มงกุฎนางงามจักรวาล มงกุฎนางสาวไทย. (๒) ว. สูงสุด, ยอดเยี่ยม. ลูกคำของ """"มงกุฎ"""" คือ มงกุฎไทย"
มงกุฏ,false,
ม่าเหมี่ยว,true,"ดู กระดิ่งทอง. ความหมายที่เกี่ยวข้อง ดู กระดิ่งทอง"
มะเหมี่ยว,false,
รังสฤษฏ์,true,"[-สะหฺริด] ก. สร้าง, แต่งตั้ง. แม่คำของ """"รังสฤษฏ์"""" คือ รัง ๓"
รังสฤษดิ์,false,
ลายเซ็น,true,"(ปาก) น. ลายมือชื่อ. แม่คำของ """"ลายเซ็น"""" คือ ลาย ๑"
ลายเซนต์,false,
ลายเซ็นต์,false,
ลำไส้,true,"น. ส่วนของทางเดินอาหารซึ่งอยู่ระหว่างกระเพาะอาหารกับทวารหนัก เป็นท่อยาวขดไปมาอยู่ในช่องท้อง มีหน้าที่ย่อย ดูดซึมอาหารและน้ำ พักและขับถ่ายกากอาหาร, ไส้ ก็เรียก. แม่คำของ """"ลำไส้"""" คือ ลำ ๑"
ลำใส้,false,
เลือกสรร,true,"ก. พิจารณาคัดเอาแต่ที่ดี ๆ เช่น เลือกสรรถ้อยคำมาใช้ให้เหมาะสม. แม่คำของ """"เลือกสรร"""" คือ เลือก ๑"
เลือกสรรค์,false,
โล่,true,"น. ชื่อแพรชนิดหนึ่งเส้นไหมโปร่ง, ใช้เรียกผ้าบาง ๆ ก็มี เช่น ผ้าป่านโล่."
โล่ห์,false,
วิ่งผลัด,true,"น. การแข่งขันชนิดหนึ่ง แบ่งออกเป็นชุด ๆ ชุดละ ๔ คน แต่ละชุดจัดคนยืนอยู่ในลู่ของตนตามจุดต่าง ๆ ที่กำหนด คนแรกจะเริ่มวิ่งจากต้นทาง แล้วส่งไม้ให้คนที่ ๒ คนที่ ๒ วิ่งไปส่งให้คนที่ ๓ และคนที่ ๓ วิ่งไปส่งให้คนที่ ๔ ตามลำดับ คนที่ ๔ ของชุดใดวิ่งถึงหลักชัยก่อนเป็นผู้ชนะ. แม่คำของ """"วิ่งผลัด"""" คือ วิ่ง"
วิ่งผัด,false,
เวนคืน,true,"ก. โอนคืนที่ดินหรืออสังหาริมทรัพย์อย่างอื่นของเอกชนมาเป็นของรัฐ โดยอาศัยอำนาจตามบทบัญญัติแห่งกฎหมาย. แม่คำของ """"เวนคืน"""" คือ เวน"
เวรคืน,false,
ศิลปะ,true,"(๑) [สินละปะ-, สิน, สินละปะ] น. ฝีมือ, ฝีมือทางการช่าง, การทำให้วิจิตรพิสดาร, เช่น รูปสลักวีนัสเป็นรูปศิลป์ เขาทำดอกไม้ประดิดประดอยอย่างมีศิลปะ ผู้หญิงสมัยนี้มีศิลปะในการแต่งตัว (ส. ศิลฺป; ป. สิปฺป ว่า มีฝีมืออย่างยอดเยี่ยม). (๒) น. การแสดงออกซึ่งอารมณ์สะเทือนใจให้ประจักษ์ด้วยสื่อต่าง ๆ อย่างเสียง เส้น สี ผิว รูปทรง เป็นต้น เช่น วิจิตรศิลป์ ศิลปะการดนตรี ศิลปะการวาดภาพ ศิลปะการละคร. (ส. ศิลฺป; ป. สิปฺป ว่า มีฝีมืออย่างยอดเยี่ยม). ลูกคำของ """"ศิลป-, ศิลป์ ๑, ศิลปะ"""" คือ ศิลปกร ศิลปกรรม ศิลปการ ๑ ศิลปการ ๒ ศิลปกิจ ศิลปธาตุ ศิลปลักษณะ ศิลปวัตถุ ศิลปวิทยา ศิลปศาสตร์ ศิลปศึกษา ศิลปหัตถกรรม ศิลปะปฏิบัติ ศิลปะประยุกต์ ศิลปะพื้นบ้าน ศิลปะสถาปัตยกรรม ศิลปิน ศิลปี"
ศิลป,false,
โศกเศร้า,true,"ว. มีความทุกข์โศกเสียใจอาลัยอาวรณ์มาก เช่น พ่อตายทำให้เขาโศกเศร้าเสียใจมาก, เศร้าโศก ก็ว่า. แม่คำของ """"โศกเศร้า"""" คือ โศก ๑ โศก-"
โศรกเศร้า,false,
สกัด,true,"(๑) ก. กั้น, ขวาง, เช่น สกัดหน้า (ข.). (๒) ก. ตัดหรือกะเทาะของแข็งเช่นเหล็ก หิน ให้เป็นร่อง รอย ทะลุ หรือให้ขาดจากกัน, เรียกเหล็กที่ใช้ตัดหรือกะเทาะของแข็งเช่นนั้น ว่า เหล็กสกัด (ข.). (๓) ก. เค้นหรือแยกเอาออกมา เช่น สกัดนํ้ามัน สกัดน้ำหอมจากดอกกุหลาบ. (ข.)."
สะกัด,false,
สนุกเกอร์,true,"[สะนุก-] น. ชื่อกีฬาในร่มชนิดหนึ่งเล่นบนโต๊ะบิลเลียด ผู้เล่นใช้ไม้แทงลูกเรียกว่า ไม้คิว แทงลูกกลมสีขาวให้กระทบลูกกลมสีต่าง ๆ ซึ่งมีลูกแดง ๑๕ ลูก ลูกดำ ชมพู นํ้าเงิน นํ้าตาล เขียว และเหลือง อีกอย่างละ ๑ ลูก ให้ลงหลุมทีละลูกตามที่กำหนดไว้ในกติกา หรือทำให้คู่ต่อสู้ไม่สามารถแทงลูกสีขาวให้กระทบกับลูกที่ต้องถูกกระทบได้ ซึ่งเรียกว่า ทำสนุก. (อ. snooker)."
สนุ๊กเกอร์,false,
สบง,true,"[สะบง] น. ผ้านุ่งของภิกษุสามเณร. (ข. สฺบ่ง)."
สะบง,false,
สะอาด,true,"ว. ไม่สกปรก เช่น เสื้อผ้าสะอาด บ้านเรือนสะอาด น้ำสะอาด, หมดจด, ผ่องใส, เช่น จิตใจสะอาด, ไม่มีตำหนิ, บริสุทธิ์, ไม่ทุจริต, เช่น เขาเป็นคนใจซื่อมือสะอาด. ลูกคำของ """"สะอาด"""" คือ สะอาดสะอ้าน"
สอาด,false,
สักการบูชา,true,
สักการะบูชา,false,
สังเกต,true,"(๑) ก. กำหนดไว้, หมายไว้, เช่น ทำเครื่องหมายไว้เป็นที่สังเกต (ป., ส.). (๒) ก. ตั้งใจดู, จับตาดู, เช่น ไม่ได้สังเกตว่าวันนี้เขาแต่งตัวสีอะไร สังเกตกิริยาท่าทางเขาไว้ว่าเป็นคนดีหรือคนร้าย. (ป., ส.). ลูกคำของ """"สังเกต"""" คือ สังเกตการณ์"
สังเกตุ,false,
สังวาล,true,"น. สร้อยเครื่องประดับชนิดหนึ่งใช้คล้องเฉวียงบ่า. (ป. เสวาล; ส. เศวาล, ไศวาล ว่า สาหร่าย). ลูกคำของ """"สังวาล"""" คือ สังวาลพราหมณ์"
สังวาลย์,false,
สันตะปาปา,true,"น. ผู้เป็นประมุขคริสต์ศาสนา นิกายโรมันคาทอลิก, โป๊ป ก็เรียก."
สันตปาปา,false,
สับปะรด,true,"(๑) น. ชื่อไม้ล้มลุกชนิด Ananas comosus (L.) Merr. ในวงศ์ Bromeliaceae ไม่มีลำต้นปรากฏบนพื้นดิน ใบเป็นกาบยาวให้ใยใช้ทำสิ่งทอ ขอบใบมีหนาม ผลมีตาโดยรอบ กินได้ รสเปรี้ยว ๆ หวาน ๆ (๒) น. เรียกใยของพรรณไม้บางชนิดที่มีลักษณะอย่างใยสับปะรด ใช้ทำหมวกเป็นต้น ว่า ไหมสับปะรด. ลูกคำของ """"สับปะรด"""" คือ สับปะรดเทศ"
สัปปะรด,false,
สัมมนา,true,"น. การประชุมแบบหนึ่ง ซึ่งมีวัตถุประสงค์เพื่อแลกเปลี่ยนความรู้ ความคิดเห็น และหาข้อสรุปหรือข้อเสนอแนะในเรื่องใดเรื่องหนึ่ง ผลสรุปที่ได้ถือว่าเป็นเพียงข้อเสนอแนะ ผู้เกี่ยวข้องจะนำไปปฏิบัติตามหรือไม่ก็ได้ เช่น สัมมนาการศึกษาประชาบาล. (อ. seminar)."
สัมนา,false,
สำมนา,false,
สาบสูญ,true,"(๑) ก. สูญหายไปอย่างไม่ทิ้งร่องรอย. (๒) (กฎ) น. เรียกบุคคลซึ่งได้ไปจากภูมิลำเนาหรือถิ่นที่อยู่ และไม่มีใครรู้แน่ว่าบุคคลนั้นยังมีชีวิตอยู่หรือไม่ตลอดระยะเวลา ๕ ปี และศาลมีคำสั่งให้เป็นคนสาบสูญ ว่า คนสาบสูญ ระยะเวลา ๕ ปี ดังกล่าว ลดลงเหลือ ๒ ปี นับแต่วันที่การรบหรือสงครามสิ้นสุดลง ถ้าบุคคลนั้นอยู่ในการรบหรือสงคราม และหายไปในการรบหรือสงครามดังกล่าว หรือนับแต่วันที่ยานพาหนะที่บุคคลนั้นเดินทางไป ได้อับปาง ถูกทำลายหรือสูญหาย หรือนับแต่วันที่เหตุอันตรายแก่ชีวิต นอกจากที่ระบุไว้ใน ๒ กรณีดังกล่าวข้างต้นได้ผ่านพ้นไป ถ้าบุคคลนั้นตกอยู่ในอันตรายเช่นว่านั้น."
สาปสูญ,false,
สำปะหลัง,true,"น. ชื่อมันชนิด Manihot esculenta Crantz ในวงศ์ Euphorbiaceae หัวดิบเป็นพิษ, สำโรง ก็เรียก."
สัมปะหลัง,false,
สำอาง,true,"(๑) น. เครื่องแป้งเครื่องหอม เรียกว่า เครื่องสำอาง, ปัจจุบันหมายถึง สิ่งเสริมแต่งหรือบำรุงใบหน้า ผิวพรรณ ผม เป็นต้นให้ดูงาม เช่น แป้ง ลิปสติก ดินสอเขียน คิ้ว, ราชาศัพท์ใช้ว่า เครื่องพระสำอาง. (๒) ว. ที่ทำให้งามสะอาดหมดจด, งามสะอาดหมดจด, งามกรีดกรายหยิบหย่ง เช่น เขาเป็นหนุ่มสำอางท่าทางกรีดกราย."
สำอางค์,false,
หมาใน,true,"น. ชื่อหมาชนิด Cuon alpinus (Pallas) ในวงศ์ Canidae ขนสีน้ำตาลแดงหรือน้ำตาลเทา หางสีคลํ้ายาวเป็นพวง อาศัยอยู่ตามป่าทึบ ออกหากินเป็นฝูงเวลาเช้ามืดและพลบคํ่า ล่าสัตว์อื่นกินเป็นอาหาร เช่น เก้ง กวาง กระจง รวมทั้ง สัตว์เล็กอื่น ๆ. แม่คำของ """"หมาใน"""" คือ หมา ๑"
หมาไน,false,
หยากไย่,true,"น. ใยแมงมุมที่ติดค้างอยู่ในที่ต่าง ๆ, หยักไย่ ก็ว่า."
หยากใย่,false,
หลับใหล,true,
หลับไหล,false,
อหังการ,true,"(๑) [อะ-] น. การยึดว่าเป็นตัวเรา (ป., ส.). (๒) น. ความเย่อหยิ่งจองหอง, ความทะนงตัว, ความก้าวร้าวด้วยการถือว่าตนเองสำคัญ. (ป., ส.). (๓) [อะ-] ก. หยิ่ง, จองหอง, อวดดี. (ป., ส.)."
อะหังการ,false,
ออกซิเจน,true,"น. ธาตุลำดับที่ ๘ สัญลักษณ์ O เป็นแก๊ส มีปนอยู่ในอากาศประมาณร้อยละ ๒๐ โดยปริมาตร ไม่มีสี ไม่มีกลิ่น ไม่มีรส ไม่ติดไฟ แต่ช่วยให้ไฟติด มีประโยชน์อย่างยิ่งต่อการหายใจและการเผาไหม้เป็นต้น ใช้จุดกับแก๊สอะเซทิลีนเพื่อเชื่อมหรือตัดโลหะ ในทางแพทย์ใช้ช่วยการหายใจของคนไข้. (อ. oxygen)."
อ๊อกซิเจน,false,
อานิสงส์,true,"(๑) น. ผลแห่งกุศลกรรม, ผลบุญ (ป. อานิสํส; ส. อานฺฤศํส, อานุศํส). (๒) น. ประโยชน์ เช่น อานิสงส์กฐิน. (ป. อานิสํส; ส. อานฺฤศํส, อานุศํส)."
อานิสงฆ์,false,
นะคะ,true,
นะค่ะ,false,
อนุญาต,true,"ก. ยินยอม, ยอมให้, ตกลง. (ป. อนุญฺาต)."
อนุญาติ,false,
ศีรษะ,true,"[สีสะ] น. หัว (เป็นคำสุภาพที่ใช้แก่คน). (ส.; ป. สีส) ลูกคำของ """"ศีรษะ"""" คือ ศีรษะกระบือ ศีรษะโค ศีรษะช้าง ศีรษะเนื้อ"
ศรีษะ,false,
ปรากฏ,true,"[ปฺรากด] ก. สำแดงออกมาให้เห็น. (ส. ปฺรกฏ; ป. ปากฏ). ลูกคำของ """"ปรากฏ"""" คือ ปรากฏการณ์"
ปรากฎ,false,
กฎหมาย,true,"(๑) (กฎ) น. กฎเกณฑ์ที่ผู้มีอำนาจตราขึ้นเพื่อใช้บังคับบุคคลให้ปฏิบัติตามเป็นการทั่วไป ผู้ใดไม่ปฏิบัติตามย่อมได้รับผลร้าย กฎหมายอาจตราขึ้นเพื่อกำหนดระเบียบแห่งความสัมพันธ์ระหว่างบุคคลหรือระหว่างบุคคลกับรัฐ หรือเพื่อใช้ในการบริหารประเทศ กฎหมายอาจเกิดจากจารีตประเพณีอันเป็นที่ยอมรับนับถือกันก็ได้. (๒) (โบ) ก. จดบันทึกไว้เป็นหลักฐาน เช่น สั่งให้นายอินกฎหมายผู้มีชื่อทั้งนี้ไว้ (พงศ. อยุธยา), ทำหนังสือเป็นหลักฐาน เช่น อนึ่ง มีผู้ทำหนังสือร้องเรียนกฎหมายว่า…(พระราชกำหนดเก่า) (๓) ก. ออกหมายกำหนด เช่น ให้มหาดไทยกลาโหมกฎหมายบอกแก่ตระลาการ ถ้ากฎหมายมิทั่ว จะเอาตัวผู้กฎหมายลงโทษ (พระราชกำหนดเก่า),กฎหมายงานพระบรมศพครั้งกรุงเก่า (๔) ก. ตราสั่ง เช่น จึ่งกฎหมายให้สามไป เดือนหนึ่งจอมไตร ดำรัสให้เร่งคืนมา (พากย์) (๕) ก. กำหนดขีดขั้น เช่น ให้ปลูกโรงรจนาใน นอกหน้าศาลชัย ให้ตั้งพิกัดกฎหมาย (พากย์). ลูกคำของ """"กฎหมาย"""" คือ กฎหมายตราสามดวง กฎหมายปกครอง กฎหมายปิดปาก กฎหมายพาณิชย์ กฎหมายแพ่ง กฎหมายมหาชน กฎหมายระหว่างประเทศ กฎหมายรัฐธรรมนูญ กฎหมายเหตุ กฎหมายอาญา กฎหมายเอกชน"
กฏหมาย,false,
กะเทย,true,"(๑) น. คนที่มีอวัยวะเพศทั้งชายและหญิง, คนที่มีจิตใจและกิริยาอาการตรงข้ามกับเพศของตน (อะหม ว่า เทย). (๒) น. ผลไม้ที่เมล็ดลีบ เช่น ลำไยกะเทย. (อะหม ว่า เทย)."
กระเทย,false,
ผูกพัน,true,"(๑) ก. มีความเป็นห่วงกังวลเพราะรักใคร่เป็นต้น (๒) ก. ก่อให้เกิดพันธะที่จะต้องปฏิบัติตาม (๓) (การคลัง) ก่อหนี้สินผูกมัดรัฐบาลให้ต้องจ่ายในงบประมาณแผ่นดินต่อ ๆ ไป เช่น หนี้ผูกพัน งบประมาณผูกพัน รายจ่ายผูกพัน. แม่คำของ """"ผูกพัน"""" คือ ผูก"
ผูกพันธ์,false,
โอกาส,true,"(๑) [-กาด] น. ช่อง, ทาง (ป.; ส. อวกาศ). (๒) น. เวลาที่เหมาะ, จังหวะ. (ป.; ส. อวกาศ)."
โอกาศ,false,
รสชาติ,true,"[รดชาด] น. รส เช่น แกงนี้ไม่มีรสชาติเลย. แม่คำของ """"รสชาติ"""" คือ รส"
รสชาด,false,
ซีรีส์,true,
ซีรีย์,false,
อินเทอร์เน็ต,true,
อินเตอร์เน็ต,false,
อัญชัน,true,"(๑) น. ชื่อไม้เถาชนิด Clitoria ternatea L. ในวงศ์ Leguminosae ดอกสีครามแก่ ขาว และม่วงอ่อน. (๒) ว. เรียกสีครามแก่อย่างสีดอกอัญชัน ว่า สีอัญชัน."
อัญชัญ,false,
มุกตลก,true,"[-ตะหฺลก] น. วิธีทำให้ขบขัน."
มุขตลก,false,
งอน,true,"(๑) น. ส่วนปลายแห่งของบางอย่างที่เป็นรูปยาวเรียวและช้อยขึ้น เช่น งอนไถ. (๒) ว. ช้อยขึ้น, โง้งขึ้น. (๓) ก. แสดงอาการโกรธเคืองหรือไม่พอใจเพื่อให้เขาง้อ, ทำจริตสะบัดสะบิ้ง. ลูกคำของ """"งอน ๑"""" คือ งอนง้อ งอนไถ"
งอล,false,
เท่,true,"(๑) ว. เอียงน้อย ๆ (มักใช้แก่การสวมหมวก) (๒) ว. โก้เก๋ เช่น แต่งตัวเท่."
เท่ห์,false,
กะพริบ,true,"[-พฺริบ] ก. ปิดและเปิดหนังตาโดยเร็ว, โดยปริยายหมายถึงอาการที่คล้ายคลึงเช่นนั้น เช่น ไฟกะพริบ."
กระพริบ,false,
เว็บไซต์,true,
เว็ปไซต์,false,
อัปเดต,true,
อัพเดท,false,
แอปพลิเคชัน,true,
แอพพลิเคชั่น,false,
สแกน,true,
แสกน,false,
สะแกน,false,
ขโมย,true,"(๑) [ขะ-] น. ผู้ลักทรัพย์. (๒) [ขะ-] ก. ลัก, โดยปริยายหมายความว่า ลอบทำสิ่งที่ตนไม่มีสิทธิ์หรือไม่ได้รับอนุญาต เช่น เด็กขโมยสูบบุหรี่ เขาขโมยอ่านจดหมายเพื่อน."
โขมย,false,
ขะโมย,false,
กะโหลก,true,"(๑) [-โหฺลก] น. กระดูกที่หุ้มมันสมอง, ส่วนแข็งที่หุ้มเนื้อมะพร้าวหรือตาลเป็นต้น เรียกว่า กะโหลกมะพร้าว กะโหลกตาล, ภาชนะที่ทำด้วยกะโหลกมะพร้าวโดยตัดทางตาออกพอเป็นช่องกว้างเพื่อใช้ตักนํ้า (๒) น. โดยปริยายหมายความถึงวัตถุที่มีลักษณะเช่นนั้น เช่น กะโหลกโครงหัวโขน (๓) น. เรียกพรรณไม้บางชนิด เช่น ลำไย ลิ้นจี่ ที่มีผลโต เนื้อหนากว่าปรกติ เช่น ลำไยกะโหลก ลิ้นจี่กะโหลก."
กระโหลก,false,
กาลเทศะ,true,"(๑) [กาละ-] น. เวลาและสถานที่ (ส.). (๒) น. ความควรไม่ควร. (ส.). แม่คำของ """"กาลเทศะ"""" คือ กาล ๑ กาล-"
กาละเทศะ,false,
กรีฑา,true,"(๑) [กฺรีทา] น. กีฬาอย่างหนึ่งแบ่งเป็น ๒ ประเภท คือ ประเภทลู่ เช่น การวิ่งระยะทางต่าง ๆ วิ่งผลัด วิ่งข้ามรั้ว ซึ่งในการแข่งขันต้องมีทางหรือแนวทางวิ่ง อีกประเภทหนึ่ง คือ ประเภทลาน เช่น กระโดดสูง พุ่งแหลน ทุ่มน้ำหนัก ซึ่งต้องมีสถานที่กว้างเพื่อการแข่งขัน (ส.). (๒) น. การเล่นสนุก เช่น กรีฑาร่าเริงรื่น (ส.). (๓) น. การประลองยุทธ์. (ส.). ลูกคำของ """"กรีฑา ๑"""" คือ กรีฑาสถาน"
กรีทา,false,
เกม,true,"น. การแข่งขันที่มีกติกากำหนด เช่น เกมกีฬา, การเล่นเพื่อความสนุก เช่น เกมคอมพิวเตอร์, การแสดงเพื่อสาธิตกิจกรรม เช่น เกมการบริหาร, โดยปริยายหมายถึงการแสดงที่ใช้กลวิธีหรือเล่ห์เหลี่ยมเพื่อหักล้างกัน เช่น เกมการเมือง, ลักษณนามเรียกการแข่งขันหรือการเล่นที่จบลงด้วยการแพ้ชนะกันครั้งหนึ่ง ๆ เช่น เล่นแบดมินตัน ๓ เกม. (อ. game). ลูกคำของ """"เกม ๑"""" คือ เกมโชว์"
เกมส์,false,
แกงกะหรี่,true,
แกงกระหรี่,false,
พะแนง,true,"น. แกงคั่วไก่หรือเนื้อเป็นต้น นํ้าแกงข้น."
แพนง,false,
พแนง,false,
มัสมั่น,true,"[มัดสะหฺมั่น] น. ชื่อแกงชนิดหนึ่ง นํ้าแกงข้น เป็นแกงอย่างมุสลิม ใช้เนื้อหรือไก่เป็นต้นชิ้นโต ๆ ปรุงด้วยเครื่องเทศ มีรสเค็ม หวาน และออกเปรี้ยวเล็กน้อย."
มัสหมั่น,false,
กงสุล,true,"(กฎ) น. ชื่อตำแหน่งของบุคคลซึ่งรัฐบาลของประเทศหนึ่งแต่งตั้งให้เป็นผู้แทนประจำอยู่ในเมืองต่าง ๆ ของอีกประเทศหนึ่ง เพื่อทำหน้าที่ช่วยเหลือคนชาติของตนและดูแลผลประโยชน์ทั่วไปของประเทศของตน."
กงศุล,false,
ขะมักเขม้น,true,"[ขะมักขะเม่น] ก. ตั้งใจทำอย่างรีบเร่งเพื่อให้แล้วเสร็จไป, ก้มหน้าก้มตาทำ, เขม้นขะมัก ก็ว่า."
ขมักเขม้น,false,
ขะมักขะเม้น,false,
ขะมักขเม้น,false,
ขมักขเม้น,false,
คลินิก,true,"(๑) น. สถานรักษาพยาบาล โดยมากเป็นของเอกชน มักไม่รับผู้ป่วยให้พักรักษาตัวประจำ (อ. clinic). (๒) น. แผนกของโรงพยาบาลที่รักษาโรคเฉพาะทาง. (อ. clinic)."
คลีนิก,false,
คฤหาสน์,true,"[คะรึหาด] น. เรือน, โดยมากหมายถึงเรือนขนาดใหญ่และสง่าผ่าเผย. (ส. คฤหาสน). แม่คำของ """"คฤหาสน์"""" คือ คฤห คฤห-"
คฤหาสถ์,false,
คำนวณ,true,"ก. กะประมาณ, คิดหาผลลัพธ์โดยวิธีเลข."
คำนวน,false,
ฆาตกร,true,"น. ผู้ที่ฆ่าคน. แม่คำของ """"ฆาตกร"""" คือ ฆาต ฆาต-"
ฆาตรกร,false,
จะงอย,true,"น. ปลายหรือที่สุดที่มีลักษณะโค้งหรืองุ้มลง เช่น จะงอยปากนกแก้ว จะงอยบ่า, ราชาศัพท์เรียก จะงอยบ่า ว่า พระอังสกุฏ."
จงอย,false,
จระเข้,true,"(๑) [จอระ-] น. ชื่อสัตว์เลื้อยคลานขนาดใหญ่ที่สุดในปัจจุบัน มีหลายชนิดหลายสกุล ในวงศ์ Crocodylidae ปากและหัวยาว ปลายปากนูนสูงขึ้นเป็นช่องเปิดของรูหายใจ เรียกว่า ก้อนขี้หมา ลำตัวกลมยาว หนังเป็นเกล็ดแข็งทั้งตัว หางแบนยาวทางข้างใช้โบกว่ายนํ้า มักหากินในนํ้า อาศัยบริเวณป่าริมน้ำ ในประเทศไทยมี ๓ ชนิด คือ จระเข้บึง จระเข้นํ้าจืด หรือจระเข้สยาม ( Crocodylus siamensisSchneider) จระเข้นํ้าเค็ม อ้ายเคี่ยม หรืออ้ายทองหลาง ( C. porosus Schneider) และจระเข้ปากกระทุงเหวหรือตะโขง [ Tomistoma schlegelii (S. Müller)], ตะเข้ หรือ อ้ายเข้ ก็เรียก, อีสานเรียก แข้, ปักษ์ใต้เรียก เข้ (๒) น. ชื่อดาวฤกษ์กลุ่มหนึ่ง (๓) น. เรียกธงผืนผ้ามีรูปจระเข้ตรงกลาง มักปักไว้ที่ท่านํ้าหน้าวัดแสดงว่าทอดกฐินแล้ว ว่า ธงจระเข้. ลูกคำของ """"จระเข้"""" คือ จระเข้ขวางคลอง ๑ จระเข้ขวางคลอง ๒ จระเข้คับคลอง จระเข้ปากกระทุงเหว จระเข้หางยาว"
จรเข้,false,
จงกรม,true,"[-กฺรม] ก. เดินไปมาโดยมีสติกำกับอย่างพระเดินเจริญกรรมฐาน เรียกว่า เดินจงกรม. (ส.; ป. จงฺกม). ลูกคำของ """"จงกรม"""" คือ จงกรมแก้ว"
จงกลม,false,
ซาบซึ้ง,true,"ว. อาการที่รู้สึกจับใจอย่างลึกซึ้ง, อาการที่รู้สึกปีติปลาบปลื้มมาก."
ทราบซึ้ง,false,
ฌาปนกิจ,true,"น. การเผาศพ. แม่คำของ """"ฌาปนกิจ"""" คือ ฌาปน-"
ฌาปณกิจ,false,
ตะกร้า,true,"[-กฺร้า] น. ภาชนะสานโปร่งสำหรับใส่สิ่งของ มีรูปต่าง ๆ มีหูหิ้วหรือไม่มีก็ได้."
ตระกร้า,false,
พายุไต้ฝุ่น,true,"น. พายุหมุนที่มีกำลังแรงจัด ทำให้มีฝนตกหนักมาก เกิดขึ้นในบริเวณภาคตะวันตกของมหาสมุทรแปซิฟิกและในทะเลจีน มีความเร็วลมใกล้บริเวณศูนย์กลางตั้งแต่ ๖๕ นอต หรือ ๑๒๐ กิโลเมตรต่อชั่วโมงขึ้นไป. (จ.). แม่คำของ """"พายุไต้ฝุ่น"""" คือ พายุ"
พายุใต้ฝุ่น,false,
ตำรับ,true,"(๑) [-หฺรับ] น. ตำราที่กำหนดไว้เป็นเฉพาะแต่ละเรื่องละราย เช่น ตำรับหอสมุดแห่งชาติ (ข. ฎํราบ่, ตมฺราบ่). (๒) น. ใบสั่งยา (ใช้เฉพาะแพทยศาสตร์). (ข. ฎํราบ่, ตมฺราบ่)."
ตำหรับ,false,
ทะนุถนอม,true,"ก. คอยระวังรักษา, คอยประคับประคอง. (ข. ถฺนาก่ถฺนม). แม่คำของ """"ทะนุถนอม, ทะนุกถนอม"""" คือ ทะนุ ทะนุก"
ทนุถนอม,false,
ทะเลสาบ,true,"น. ห้วงนํ้าใหญ่ที่มีแผ่นดินล้อมรอบ มี ๒ ชนิด คือ ทะเลสาบนํ้าจืด และทะเลสาบนํ้าเค็ม. (ข. สาบ ว่า จืด). แม่คำของ """"ทะเลสาบ"""" คือ ทะเล"
ทะเลสาป,false,
ทุพพลภาพ,true,"[ทุบพนละพาบ] ว. หย่อนกำลังความสามารถที่จะประกอบการงานตามปรกติได้. แม่คำของ """"ทุพพลภาพ"""" คือ ทุพพล"
ทุพลภาพ,false,
ธุรกิจ,true,"(๑) น. การงานประจำเกี่ยวกับอาชีพค้าขาย หรือกิจการอย่างอื่นที่สำคัญและที่ไม่ใช่ราชการ (๒) (กฎ) การประกอบกิจการเพื่อมุ่งการค้าหากำไร. แม่คำของ """"ธุรกิจ"""" คือ ธุร- ธุระ"
ธุระกิจ,false,
นัยน์ตา,true,"น. ดวงตา. แม่คำของ """"นัยน์ตา, นัยน์เนตร"""" คือ นัยน์"
นัยตา,false,
เนรมิต,true,"[-ระมิด] ก. นิรมิต, สร้างหรือบันดาลด้วยอำนาจ ฤทธิ์ หรืออภินิหารให้บังเกิดเป็นขึ้นมีขึ้นโดยฉับพลัน. (ส. นิรฺมิต; ป. นิมฺมิต)."
เนรมิตร,false,
เณรมิต,false,
น้ำแข็งไส,true,"น. น้ำแข็งที่ได้จากการไสก้อนน้ำแข็งไปบนเครื่องไส มีลักษณะเป็นเกล็ดฝอย. แม่คำของ """"น้ำแข็งไส"""" คือ น้ำ"
น้ำแข็งใส,false,
บิณฑบาต,true,"(๑) น. อาหาร (ใช้แก่พระภิกษุสามเณร) เช่น รับบิณฑบาต. (ป. ปิณฺฑปาต ว่า การตกแห่งก้อนข้าว). (๒) ก. กิริยาที่พระภิกษุสามเณรรับของที่เขานำมาใส่บาตร, โดยปริยายหมายถึง กิริยาที่พระภิกษุสามเณรขอหรือขอร้อง เช่น เรื่องนี้ขอบิณฑบาตให้เลิกแล้วต่อกัน. (ป. ปิณฺฑปาต ว่า การตกแห่งก้อนข้าว). แม่คำของ """"บิณฑบาต"""" คือ บิณฑ-"
บิณฑบาตร,false,
บิณทบาต,false,
บินทบาต,false,
บินทะบาต,false,
บินทะบาตร,false,
เบญจเพส,true,"ว. ยี่สิบห้า เช่น อายุถึงเบญจเพส. (ป. ปญฺจวีส). แม่คำของ """"เบญจเพส"""" คือ เบญจ- เบญจะ"
เบญจเพศ,false,
ประณีต,true,"ว. ละเอียดลออ, เรียบร้อยงดงาม, เช่น ฝีมือประณีต ทำอย่างประณีต, ที่ปรุงอย่างสุดฝีมือด้วยของดี ๆ เช่น ปรุงอาหารอันประณีต. (ส. ปฺรณีต; ป. ปณีต)."
ปราณีต,false,
ประนีต,false,
ปลากะพง,true,
ปลากระพง,false,
เผ่าพันธุ์,true,"น. เชื้อสาย. แม่คำของ """"เผ่าพันธุ์"""" คือ เผ่า"
เผ่าพัน,false,
เผ่าพันธ์,false,
กุมภาพันธ์,true,"น. ชื่อเดือนที่ ๒ ตามสุริยคติ ซึ่งเริ่มด้วยเดือนมกราคม มี ๒๘ หรือ ๒๙ วัน, (เลิก) ชื่อเดือนที่ ๑๑ ตามสุริยคติ ซึ่งเริ่มด้วยเดือนเมษายน. (ป. กุมฺภ ว่า หม้อ + อาพนฺธ ว่า ผูก = เดือนที่อาทิตย์มาสู่ราศีกุมภ์). แม่คำของ """"กุมภาพันธ์"""" คือ กุมภ์ กุมภ-"
กุมภาพันธุ์,false,
ผู้เยาว์,true,"(กฎ) น. บุคคลผู้ยังไม่บรรลุนิติภาวะ. แม่คำของ """"ผู้เยาว์"""" คือ ผู้"
ผู้เยา,false,
พยัคฆ์,true,"[พะยักคะ-] น. เสือโคร่ง. (ป. พฺยคฺฆ, วฺยคฺฆ; ส. วฺยาฆฺร). ลูกคำของ """"พยัคฆ-, พยัคฆ์"""" คือ พยัคฆา พยัคฆิน พยัคฆินทร์ พยัคฆี พยัคเฆนทร์"
พยัค,false,
พิสดาร,true,"(๑) [พิดสะดาน] ว. กว้างขวาง, ละเอียดลออ (ใช้แก่เนื้อความ) เช่น ประวัติศาสตร์ฉบับพิสดาร มีความพิสดารดังนี้ (ส. วิสฺตาร; ป. วิตฺถาร). (๒) (ปาก) ว. แปลกพิลึก เช่น เล่นพิสดาร. (ส. วิสฺตาร; ป. วิตฺถาร)."
พิศดาร,false,
ภาพยนตร์,true,"[พาบพะ-] น. ภาพฉายด้วยเครื่องทำให้เห็นเป็นภาพเคลื่อนไหวได้, หนังฉาย. แม่คำของ """"ภาพยนตร์"""" คือ ภาพ ภาพ-"
ภาพยนต์,false,
รำคาญ,true,"(๑) ก. ระคายเคือง เช่น รำคาญหู รำคาญตา รำคาญเนื้อ รำคาญตัว (๒) ก. เบื่อ เช่น ทำสวนครัวแก้รำคาญ (๓) ก. ทำให้เดือดร้อน, เบื่อหน่าย, เช่น เสียงทะเลาะกันทำให้รำคาญ. ลูกคำของ """"รำคาญ"""" คือ รำคาญใจ"
รำคาน,false,
รำคาณ,false,
ลูกนิมิต,true,"น. ลูกที่ทำกลม ๆ ประมาณเท่าบาตร มักทำด้วยหิน ใช้ฝังเป็นเครื่องหมายเขตอุโบสถ. แม่คำของ """"ลูกนิมิต"""" คือ ลูก"
ลูกนิมิตร,false,
ลำไย,true,"(๑) น. ชื่อไม้ต้นชนิด Dimocarpus longan Lour. ในวงศ์ Sapindaceae ผลกลม รสหวาน, พันธุ์ที่เป็นไม้เถาเรียก ลำไยเครือ [D. longan Lour. var. obtusus (Pierre) Leenh.]. (๒) (ถิ่น-ปักษ์ใต้) น. ชื่อไม้ต้นขนาดใหญ่ชนิด Mangifera caesia Jack ในวงศ์ Anacardiaceae ดอกสีม่วงอ่อนผลสุกกินได้, บินยา หรือ ลำยา ก็เรียก."
ลำใย,false,
มหรสพ,true,"[มะหอระสบ] น. การเล่นรื่นเริงมีโขนละครเป็นต้น. (ป. มหุสฺสว; ส. มโหตฺสว)."
มหรศพ,false,
มัคคุเทศก์,true,"(๑) น. ผู้นำทาง, ผู้ชี้ทาง, ผู้บอกทาง (ป. มคฺค + อุทฺเทสก). (๒) น. ผู้นำเที่ยว. (ป. มคฺค + อุทฺเทสก)."
มัคคุเทศน์,false,
มัคคุเทศ,false,
วิ่งเปี้ยว,true,"น. การเล่นวิ่งแข่งโดยแบ่งผู้เล่นออกเป็น ๒ ฝ่าย แต่ละฝ่ายส่งคนวิ่งอ้อมหลักของฝ่ายตรงข้ามทีละคน โดยวิธีรับช่วงไม้หรือผ้าต่อ ๆ กันไป ฝ่ายที่วิ่งเร็วกว่า ใช้ไม้หรือผ้าที่ถืออยู่ตีฝ่ายตรงข้ามได้ เป็นฝ่ายชนะ. แม่คำของ """"วิ่งเปี้ยว"""" คือ วิ่ง"
วิ่งเปรี้ยว,false,
วิญญาณ,true,"(๑) น. สิ่งที่เชื่อกันว่ามีอยู่ในกายเมื่อมีชีวิต เมื่อตายจะออกจากกายล่องลอยไปหาที่เกิดใหม่ (ป.; ส. วิชฺาน). (๒) น. ความรับรู้ เช่น จักษุวิญญาณ คือ ความรับรู้ทางตา โสตวิญญาณ คือ ความรับรู้ทางหู เป็นขันธ์ ๑ ในขันธ์ ๕ คือ รูป เวทนา สัญญา สังขาร วิญญาณ (ป.; ส. วิชฺาน). (๓) น. โดยปริยายหมายถึงจิตใจ เช่น มีวิญญาณนักสู้ มีวิญญาณศิลปิน. (ป.; ส. วิชฺาน)."
วิญญาน,false,
สุคติ,true,"[สุคะติ, สุกคะติ] น. ภูมิที่ถือว่าไปเกิดแล้วมีความสุขความสบาย, สวรรค์, เช่น ขอให้วิญญาณไปสู่สุคติ. (ป., ส.)."
สุขคติ,false,
สุขติ,false,
สมดุล,true,"[สะมะดุน, สมดุน] ว. เสมอกัน, เท่ากัน. (อ. equilibrium). แม่คำของ """"สมดุล"""" คือ สม- ๓"
สมดุลย์,false,
หมูหย็อง,true,"น. ของกินทำด้วยหมูเนื้อแดงปรุงรส ต้มเคี่ยวให้เปื่อยจนงวด นำไปผัดจนแห้ง ขยี้ให้เป็นฝอย. แม่คำของ """"หมูหย็อง"""" คือ หมู ๑"
หมูหยอง,false,
ไอศกรีม,true,"น. ของกินทำด้วยนํ้าหวาน กะทิ หรือนม เป็นต้น ทำให้ข้นด้วยความเย็น. (อ. ice-cream)."
ไอศครีม,false,
อุโมงค์,true,"น. ทางใต้ดิน, ช่องหรือทางที่ขุดลงไปใต้ดินหรือในภูเขา. (ป. อุมฺมงฺค)."
อุโมง,false,
อุโมงก์,false,
ฮ่อยจ๊อ,true,"น. ชื่ออาหารแบบจีนชนิดหนึ่ง ใช้เนื้อปู มันหมูแข็งต้มสุก ผสมกับแป้งมันและเครื่องปรุงรส บดหรือโขลกจนเหนียวแล้วห่อด้วยฟองเต้าหู้เป็นท่อน กลม ๆ ยาว ๆ มัดเป็นเปลาะ ๆ นึ่งแล้วทอดให้สุก กินกับน้ำจิ้ม. (จ.)."
หอยจ๊อ,false,